cod_ibge,nome_municipio,drs,rgi_codigo,rgi_nome,lat,lon
3500105,Adamantina,IX - Marília,3505,Presidente Prudente,-21.576633521718765,-51.05678629422682
3500204,Adolfo,XV - São José do Rio Preto,3507,São José do Rio Preto,-21.288728540134578,-49.65322915460017
3500303,Aguaí,XIV - São João da Boa Vista,3510,Campinas,-22.049945819784824,-47.040318926470334
3500402,Águas Da Prata,XIV - São João da Boa Vista,3510,Campinas,-21.913661182276343,-46.69172860263326
3500501,Águas De Lindóia,VII - Campinas,3510,Campinas,-22.47480039030813,-46.603716504762716
3500550,Águas De Santa Bárbara,VI - Bauru,3502,Sorocaba,-22.85787699185322,-49.26109821787535
3500600,Águas De São Pedro,X - Piracicaba,3510,Campinas,-22.598776317773847,-47.87599272474452
3500709,Agudos,VI - Bauru,3503,Bauru,-22.571924956518146,-49.108747769293025
3500758,Alambari,XVI - Sorocaba,3502,Sorocaba,-23.548959512829782,-47.869074075460325
3500808,Alfredo Marcondes,XI - Presidente Prudente,3505,Presidente Prudente,-21.934948997356067,-51.39558847002061
3500907,Altair,V - Barretos,3507,São José do Rio Preto,-20.53339457784608,-49.093850199083505
3501004,Altinópolis,XIII - Ribeirão Preto,3508,Ribeirão Preto,-21.01806882131961,-47.38617344368879
3501103,Alto Alegre,II - Araçatuba,3506,Araçatuba,-21.61259882350608,-50.19209409558978
3501152,Alumínio,XVI - Sorocaba,3502,Sorocaba,-23.533095131121677,-47.281244019747085
3501202,Álvares Florence,XV - São José do Rio Preto,3507,São José do Rio Preto,-20.28946952506541,-49.92024216671607
3501301,Álvares Machado,XI - Presidente Prudente,3505,Presidente Prudente,-22.131324543632818,-51.51474415805452
3501400,Álvaro De Carvalho,IX - Marília,3504,Marília,-22.086594125689615,-49.73400650621288
3501509,Alvinlândia,IX - Marília,3504,Marília,-22.45255622390126,-49.758574369590164
3501608,Americana,VII - Campinas,3510,Campinas,-22.723396720283365,-47.28908448863861
3501707,Américo Brasiliense,III - Araraquara,3509,Araraquara,-21.7222102164504,-48.03226655666531
3501806,Américo De Campos,XV - São José do Rio Preto,3507,São José do Rio Preto,-20.289488574943935,-49.76805662168121
3501905,Amparo,VII - Campinas,3510,Campinas,-22.6990938580499,-46.79871193118232
3502002,Analândia,X - Piracicaba,3510,Campinas,-22.12107282606664,-47.67795355634307
3502101,Andradina,II - Araçatuba,3506,Araçatuba,-20.83561887124683,-51.32974528424826
3502200,Angatuba,XVI - Sorocaba,3502,Sorocaba,-23.43685638791677,-48.459288717644995
3502309,Anhembi,VI - Bauru,3503,Bauru,-22.800040792994654,-48.174660213301216
3502408,Anhumas,XI - Presidente Prudente,3505,Presidente Prudente,-22.362007723326805,-51.42775583705343
3502507,Aparecida,XVII - Taubaté,3511,São José dos Campos,-22.914122862439456,-45.237229193403856
3502606,Aparecida D'oeste,XV - São José do Rio Preto,3507,São José do Rio Preto,-20.478898056493346,-50.92202854011427
3502705,Apiaí,XVI - Sorocaba,3502,Sorocaba,-24.421463884931143,-48.81735220787317
3502754,Araçariguama,XVI - Sorocaba,3502,Sorocaba,-23.43445969900219,-47.072383132477185
3502804,Araçatuba,II - Araçatuba,3506,Araçatuba,-21.113764710623762,-50.57454569465348
3502903,Araçoiaba Da Serra,XVI - Sorocaba,3502,Sorocaba,-23.543885374525487,-47.65151167647545
3503000,Aramina,VIII - Franca,3508,Ribeirão Preto,-20.144872549966042,-47.82063215663559
3503109,Arandu,VI - Bauru,3502,Sorocaba,-23.177662226545937,-49.064003904313545
3503158,Arapeí,XVII - Taubaté,3511,São José dos Campos,-22.67295628931637,-44.43853800493433
3503208,Araraquara,III - Araraquara,3509,Araraquara,-21.791635548731097,-48.18127121137255
3503307,Araras,X - Piracicaba,3510,Campinas,-22.346108926877747,-47.32386100315141
3503356,Arco-Íris,IX - Marília,3504,Marília,-21.766329569428173,-50.43089047876211
3503406,Arealva,VI - Bauru,3503,Bauru,-22.07622592502865,-48.98188125830946
3503505,Areias,XVII - Taubaté,3511,São José dos Campos,-22.673144209864947,-44.712355244988615
3503604,Areiópolis,VI - Bauru,3503,Bauru,-22.631763665671794,-48.65283482760124
3503703,Ariranha,XV - São José do Rio Preto,3507,São José do Rio Preto,-21.1856120743958,-48.7792433553108
3503802,Artur Nogueira,VII - Campinas,3510,Campinas,-22.561282168216284,-47.13218612102346
3503901,Arujá,I - Grande São Paulo,3501,São Paulo,-23.385990474620755,-46.319010488498094
3503950,Aspásia,XV - São José do Rio Preto,3507,São José do Rio Preto,-20.1834878499924,-50.72804533406785
3504008,Assis,IX - Marília,3504,Marília,-22.60175174251475,-50.420725767939345
3504107,Atibaia,VII - Campinas,3510,Campinas,-23.123298050638567,-46.586785349172686
3504206,Auriflama,II - Araçatuba,3506,Araçatuba,-20.644112614343864,-50.57994504880171
3504305,Avaí,VI - Bauru,3503,Bauru,-22.187201241472614,-49.31626603479829
3504404,Avanhandava,II - Araçatuba,3506,Araçatuba,-21.4605522874533,-49.947317853383694
3504503,Avaré,VI - Bauru,3502,Sorocaba,-23.075208317876626,-48.89402546026773
3504602,Bady Bassitt,XV - São José do Rio Preto,3507,São José do Rio Preto,-20.931493907308734,-49.437645340273086
3504701,Balbinos,VI - Bauru,3503,Bauru,-21.892388698180618,-49.33301731091511
3504800,Bálsamo,XV - São José do Rio Preto,3507,São José do Rio Preto,-20.709585087538883,-49.551900712719195
3504909,Bananal,XVII - Taubaté,3511,São José dos Campos,-22.73381367139068,-44.33443019050814
3505005,Barão De Antonina,VI - Bauru,3502,Sorocaba,-23.582901913567518,-49.571937048181006
3505104,Barbosa,II - Araçatuba,3506,Araçatuba,-21.290713335112013,-49.92197565404124
3505203,Bariri,VI - Bauru,3503,Bauru,-22.066753595236452,-48.7188718218582
3505302,Barra Bonita,VI - Bauru,3503,Bauru,-22.479389873529126,-48.541672899572276
3505351,Barra Do Chapéu,XVI - Sorocaba,3502,Sorocaba,-24.443838393195,-49.085263877431686
3505401,Barra Do Turvo,XII - Registro,3502,Sorocaba,-24.88866605140941,-48.426972091709985
3505500,Barretos,V - Barretos,3508,Ribeirão Preto,-20.514152165968586,-48.65199679972846
3505609,Barrinha,XIII - Ribeirão Preto,3508,Ribeirão Preto,-21.23251180966815,-48.09510398826219
3505708,Barueri,I - Grande São Paulo,3501,São Paulo,-23.505280315253298,-46.877232991346226
3505807,Bastos,IX - Marília,3504,Marília,-21.95025266014783,-50.74388786142364
3505906,Batatais,XIII - Ribeirão Preto,3508,Ribeirão Preto,-20.86779624767459,-47.5747110098753
3506003,Bauru,VI - Bauru,3503,Bauru,-22.253893457251,-49.12611178761939
3506102,Bebedouro,V - Barretos,3508,Ribeirão Preto,-20.94044634929929,-48.51074251583701
3506201,Bento De Abreu,II - Araçatuba,3506,Araçatuba,-21.331731557245373,-50.86193847639951
3506300,Bernardino De Campos,IX - Marília,3504,Marília,-23.030869750217526,-49.491877927242065
3506359,Bertioga,IV - Baixada Santista,3501,São Paulo,-23.759808186466454,-46.03005812115837
3506409,Bilac,II - Araçatuba,3506,Araçatuba,-21.42777932519325,-50.479277690207965
3506508,Birigui,II - Araçatuba,3506,Araçatuba,-21.26168751550894,-50.35100162394242
3506607,Biritiba Mirim,I - Grande São Paulo,3501,São Paulo,-23.624153886173353,-46.02130196564821
3506706,Boa Esperança Do Sul,III - Araraquara,3509,Araraquara,-21.935001476249067,-48.46362619729857
3506805,Bocaina,VI - Bauru,3503,Bauru,-22.105469705058383,-48.52904054039781
3506904,Bofete,VI - Bauru,3503,Bauru,-23.12902304394095,-48.285882338859906
3507001,Boituva,XVI - Sorocaba,3502,Sorocaba,-23.28765408509936,-47.67491547612279
3507100,Bom Jesus Dos Perdões,VII - Campinas,3510,Campinas,-23.172493981640145,-46.479004929020725
3507159,Bom Sucesso De Itararé,XVI - Sorocaba,3502,Sorocaba,-24.316029063280453,-49.164708322544264
3507209,Borá,IX - Marília,3504,Marília,-22.24414807052571,-50.50210846925279
3507308,Boracéia,VI - Bauru,3503,Bauru,-22.17006063370224,-48.78843280138316
3507407,Borborema,III - Araraquara,3509,Araraquara,-21.610803999035483,-49.072035378689684
3507456,Borebi,VI - Bauru,3503,Bauru,-22.680621120895136,-48.99230338892036
3507506,Botucatu,VI - Bauru,3503,Bauru,-22.863421075893495,-48.46830871015137
3507605,Bragança Paulista,VII - Campinas,3510,Campinas,-22.938411239455455,-46.55604943569522
3507704,Braúna,II - Araçatuba,3506,Araçatuba,-21.553237020984387,-50.33943637115847
3507753,Brejo Alegre,II - Araçatuba,3506,Araçatuba,-21.176648381174868,-50.209810856455995
3507803,Brodowski,XIII - Ribeirão Preto,3508,Ribeirão Preto,-21.04954236742827,-47.62773686594921
3507902,Brotas,VI - Bauru,3503,Bauru,-22.273345971560886,-48.081230352238826
3508009,Buri,XVI - Sorocaba,3502,Sorocaba,-23.752028797049487,-48.57529299352462
3508108,Buritama,II - Araçatuba,3506,Araçatuba,-21.049103504517458,-50.200279694317146
3508207,Buritizal,VIII - Franca,3508,Ribeirão Preto,-20.209321221755534,-47.692957125351676
3508306,Cabrália Paulista,VI - Bauru,3503,Bauru,-22.489421574270093,-49.372999186309144
3508405,Cabreúva,VII - Campinas,3510,Campinas,-23.30126313500058,-47.08027925759169
3508504,Caçapava,XVII - Taubaté,3511,São José dos Campos,-23.10374174073253,-45.713341266467665
3508603,Cachoeira Paulista,XVII - Taubaté,3511,São José dos Campos,-22.702314111166952,-44.99166683571626
3508702,Caconde,XIV - São João da Boa Vista,3510,Campinas,-21.539513884242282,-46.617103228449906
3508801,Cafelândia,VI - Bauru,3503,Bauru,-21.731182151662843,-49.54877378796082
3508900,Caiabu,XI - Presidente Prudente,3505,Presidente Prudente,-21.949841972649924,-51.22390151514732
3509007,Caieiras,I - Grande São Paulo,3501,São Paulo,-23.375904397361996,-46.74520943330649
3509106,Caiuá,XI - Presidente Prudente,3505,Presidente Prudente,-21.80196546520546,-51.98684533422759
3509205,Cajamar,I - Grande São Paulo,3501,São Paulo,-23.35145270988556,-46.87201341207365
3509254,Cajati,XII - Registro,3502,Sorocaba,-24.77197906974322,-48.194981323613206
3509304,Cajobi,V - Barretos,3508,Ribeirão Preto,-20.873693083376235,-48.83879615507089
3509403,Cajuru,XIII - Ribeirão Preto,3508,Ribeirão Preto,-21.275947732503774,-47.310297860506545
3509452,Campina Do Monte Alegre,XVI - Sorocaba,3502,Sorocaba,-23.60675846519474,-48.44192557944512
3509502,Campinas,VII - Campinas,3510,Campinas,-22.883749173022473,-47.04384778653145
3509601,Campo Limpo Paulista,VII - Campinas,3510,Campinas,-23.217943080277355,-46.760090907360265
3509700,Campos Do Jordão,XVII - Taubaté,3511,São José dos Campos,-22.70159880966985,-45.53299197648427
3509809,Campos Novos Paulista,IX - Marília,3504,Marília,-22.61088441283973,-50.01019496703135
3509908,Cananéia,XII - Registro,3502,Sorocaba,-25.018418841294842,-48.00857089985146
3509957,Canas,XVII - Taubaté,3511,São José dos Campos,-22.730104323385376,-45.041287747169825
3510005,Cândido Mota,IX - Marília,3504,Marília,-22.808600595216014,-50.42165955719662
3510104,Cândido Rodrigues,III - Araraquara,3509,Araraquara,-21.342813726181983,-48.62864595999127
3510153,Canitar,IX - Marília,3504,Marília,-23.01879710706631,-49.791925787667594
3510203,Capão Bonito,XVI - Sorocaba,3502,Sorocaba,-24.039213863046697,-48.289860442517075
3510302,Capela Do Alto,XVI - Sorocaba,3502,Sorocaba,-23.46744530131775,-47.73103123446295
3510401,Capivari,X - Piracicaba,3510,Campinas,-22.980701604516817,-47.47805423259501
3510500,Caraguatatuba,XVII - Taubaté,3511,São José dos Campos,-23.639621209798047,-45.48783309724814
3510609,Carapicuíba,I - Grande São Paulo,3501,São Paulo,-23.549956795542066,-46.84190575428339
3510708,Cardoso,XV - São José do Rio Preto,3507,São José do Rio Preto,-20.067160544906177,-49.94753569652936
3510807,Casa Branca,XIV - São João da Boa Vista,3510,Campinas,-21.800516983170958,-47.08813020202681
3510906,Cássia Dos Coqueiros,XIII - Ribeirão Preto,3508,Ribeirão Preto,-21.263244343370303,-47.1439737089693
3511003,Castilho,II - Araçatuba,3506,Araçatuba,-20.897672185651825,-51.5702334758543
3511102,Catanduva,XV - São José do Rio Preto,3507,São José do Rio Preto,-21.133767473017482,-48.96367308609435
3511201,Catiguá,XV - São José do Rio Preto,3507,São José do Rio Preto,-21.06279103234254,-49.052732205778014
3511300,Cedral,XV - São José do Rio Preto,3507,São José do Rio Preto,-20.91388739301496,-49.26396912744139
3511409,Cerqueira César,VI - Bauru,3502,Sorocaba,-23.059319764321362,-49.143792812522584
3511508,Cerquilho,XVI - Sorocaba,3502,Sorocaba,-23.187106337275427,-47.75706518550913
3511607,Cesário Lange,XVI - Sorocaba,3502,Sorocaba,-23.216561410423957,-47.90389916966526
3511706,Charqueada,X - Piracicaba,3510,Campinas,-22.530208925006864,-47.74626497674865
3511904,Clementina,II - Araçatuba,3506,Araçatuba,-21.570247951560916,-50.46008413054374
3512001,Colina,V - Barretos,3508,Ribeirão Preto,-20.746151393066665,-48.58895189970959
3512100,Colômbia,V - Barretos,3508,Ribeirão Preto,-20.26689742090319,-48.72176124772274
3512209,Conchal,X - Piracicaba,3510,Campinas,-22.369297052965543,-47.141163623753755
3512308,Conchas,VI - Bauru,3503,Bauru,-22.965642720505837,-48.047076547299675
3512407,Cordeirópolis,X - Piracicaba,3510,Campinas,-22.4795027976493,-47.41479657825197
3512506,Coroados,II - Araçatuba,3506,Araçatuba,-21.375626071182563,-50.30346270255317
3512605,Coronel Macedo,VI - Bauru,3502,Sorocaba,-23.630138954035292,-49.30677564477852
3512704,Corumbataí,X - Piracicaba,3510,Campinas,-22.23640933771987,-47.61109422256856
3512803,Cosmópolis,VII - Campinas,3510,Campinas,-22.65170641235558,-47.186405482365785
3512902,Cosmorama,XV - São José do Rio Preto,3507,São José do Rio Preto,-20.442526407774253,-49.774583018569
3513009,Cotia,I - Grande São Paulo,3501,São Paulo,-23.67514294534083,-46.96045832533397
3513108,Cravinhos,XIII - Ribeirão Preto,3508,Ribeirão Preto,-21.33964685663064,-47.74457886629536
3513207,Cristais Paulista,VIII - Franca,3508,Ribeirão Preto,-20.371342148567226,-47.40090707295158
3513306,Cruzália,IX - Marília,3504,Marília,-22.738063663099332,-50.76909881748131
3513405,Cruzeiro,XVII - Taubaté,3511,São José dos Campos,-22.55138789640608,-45.00632822564376
3513504,Cubatão,IV - Baixada Santista,3501,São Paulo,-23.865867691474765,-46.40825198808917
3513603,Cunha,XVII - Taubaté,3511,São José dos Campos,-23.052882992194867,-44.94211784429606
3513702,Descalvado,III - Araraquara,3509,Araraquara,-21.88121800533661,-47.654628981805246
3513801,Diadema,I - Grande São Paulo,3501,São Paulo,-23.697157455322902,-46.61137002678978
3513850,Dirce Reis,XV - São José do Rio Preto,3507,São José do Rio Preto,-20.448475044914836,-50.62815814586497
3513900,Divinolândia,XIV - São João da Boa Vista,3510,Campinas,-21.661730916002735,-46.6974014190109
3514007,Dobrada,III - Araraquara,3509,Araraquara,-21.516149003208245,-48.35741237744843
3514106,Dois Córregos,VI - Bauru,3503,Bauru,-22.396032974639013,-48.34050465419035
3514205,Dolcinópolis,XV - São José do Rio Preto,3507,São José do Rio Preto,-20.117280573661798,-50.52831850256315
3514304,Dourado,III - Araraquara,3509,Araraquara,-22.117203728314564,-48.333398928870686
3514403,Dracena,XI - Presidente Prudente,3505,Presidente Prudente,-21.556679604782452,-51.58408135228224
3514502,Duartina,VI - Bauru,3503,Bauru,-22.393308929528313,-49.4133386283335
3514601,Dumont,XIII - Ribeirão Preto,3508,Ribeirão Preto,-21.24709042474293,-47.97975409769934
3514700,Echaporã,IX - Marília,3504,Marília,-22.448340519561473,-50.20068275323759
3514809,Eldorado,XII - Registro,3502,Sorocaba,-24.495065112228836,-48.23361857420796
3514908,Elias Fausto,X - Piracicaba,3510,Campinas,-23.070636413664754,-47.370687768428034
3514924,Elisiário,XV - São José do Rio Preto,3507,São José do Rio Preto,-21.16132076838989,-49.092084606892975
3514957,Embaúba,XV - São José do Rio Preto,3507,São José do Rio Preto,-20.952900497721483,-48.84759840583472
3515004,Embu Das Artes,I - Grande São Paulo,3501,São Paulo,-23.65135522277233,-46.85152330192083
3515103,Embu-Guaçu,I - Grande São Paulo,3501,São Paulo,-23.854372179233767,-46.83069692853985
3515129,Emilianópolis,XI - Presidente Prudente,3505,Presidente Prudente,-21.800946025466438,-51.47213987146525
3515152,Engenheiro Coelho,X - Piracicaba,3510,Campinas,-22.48708318567283,-47.17482111237256
3515186,Espírito Santo Do Pinhal,XIV - São João da Boa Vista,3510,Campinas,-22.192423830135855,-46.79327697616559
3515194,Espírito Santo Do Turvo,IX - Marília,3504,Marília,-22.67085186051503,-49.432944847908395
3515202,Estrela D'oeste,XV - São José do Rio Preto,3507,São José do Rio Preto,-20.265726722059192,-50.41151951152583
3515301,Estrela Do Norte,XI - Presidente Prudente,3505,Presidente Prudente,-22.48563861638787,-51.66906270844751
3515350,Euclides Da Cunha Paulista,XI - Presidente Prudente,3505,Presidente Prudente,-22.51894200234211,-52.588678052449666
3515400,Fartura,VI - Bauru,3504,Marília,-23.39017842806492,-49.519652502386094
3515509,Fernandópolis,XV - São José do Rio Preto,3507,São José do Rio Preto,-20.27177206769681,-50.28296752279865
3515608,Fernando Prestes,XV - São José do Rio Preto,3507,São José do Rio Preto,-21.310302333690803,-48.69570910794852
3515657,Fernão,IX - Marília,3504,Marília,-22.3658471190139,-49.54239288392106
3515707,Ferraz De Vasconcelos,I - Grande São Paulo,3501,São Paulo,-23.560946753057845,-46.37396358127953
3515806,Flora Rica,XI - Presidente Prudente,3505,Presidente Prudente,-21.698457876136153,-51.37421410209635
3515905,Floreal,XV - São José do Rio Preto,3507,São José do Rio Preto,-20.669644404115896,-50.15491818624899
3516002,Flórida Paulista,IX - Marília,3505,Presidente Prudente,-21.540043656010347,-51.17069825448671
3516101,Florínea,IX - Marília,3504,Marília,-22.881273585692313,-50.69537880362485
3516200,Franca,VIII - Franca,3508,Ribeirão Preto,-20.555246908628988,-47.381055897314056
3516309,Francisco Morato,I - Grande São Paulo,3501,São Paulo,-23.273716083230347,-46.72363659585541
3516408,Franco Da Rocha,I - Grande São Paulo,3501,São Paulo,-23.314178477257627,-46.735747638671214
3516507,Gabriel Monteiro,II - Araçatuba,3506,Araçatuba,-21.499634478389478,-50.56480683209532
3516606,Gália,IX - Marília,3504,Marília,-22.320488123435275,-49.57778206695768
3516705,Garça,IX - Marília,3504,Marília,-22.230987019683063,-49.68964687303657
3516804,Gastão Vidigal,XV - São José do Rio Preto,3506,Araçatuba,-20.804275177441642,-50.20263550862968
3516853,Gavião Peixoto,III - Araraquara,3509,Araraquara,-21.791679612715217,-48.44796833091777
3516903,General Salgado,XV - São José do Rio Preto,3506,Araçatuba,-20.638241076337955,-50.41580359293266
3517000,Getulina,VI - Bauru,3504,Marília,-21.783210300075755,-50.02792248509196
3517109,Glicério,II - Araçatuba,3506,Araçatuba,-21.340306338821932,-50.19892797032054
3517208,Guaiçara,VI - Bauru,3503,Bauru,-21.56954059973936,-49.762704912842985
3517307,Guaimbê,IX - Marília,3504,Marília,-21.878563921690915,-49.86073524477705
3517406,Guaíra,V - Barretos,3508,Ribeirão Preto,-20.31406374712077,-48.36412634127071
3517505,Guapiaçu,XV - São José do Rio Preto,3507,São José do Rio Preto,-20.74283341348655,-49.18991051016741
3517604,Guapiara,XVI - Sorocaba,3502,Sorocaba,-24.212526333002636,-48.55580027319442
3517703,Guará,VIII - Franca,3508,Ribeirão Preto,-20.482537199203982,-47.77521383530521
3517802,Guaraçaí,II - Araçatuba,3506,Araçatuba,-21.086456394797658,-51.279473312426795
3517901,Guaraci,V - Barretos,3508,Ribeirão Preto,-20.374796943684668,-49.00279505698764
3518008,Guarani D'oeste,XV - São José do Rio Preto,3507,São José do Rio Preto,-20.06688658132641,-50.344695098492785
3518107,Guarantã,IX - Marília,3503,Bauru,-21.916133194325443,-49.58839474493628
3518206,Guararapes,II - Araçatuba,3506,Araçatuba,-21.285278570506417,-50.695158443151875
3518305,Guararema,I - Grande São Paulo,3501,São Paulo,-23.427592734147378,-46.058560417370586
3518404,Guaratinguetá,XVII - Taubaté,3511,São José dos Campos,-22.793506810384013,-45.232836834573895
3518503,Guareí,XVI - Sorocaba,3502,Sorocaba,-23.370516402511413,-48.21912109033785
3518602,Guariba,XIII - Ribeirão Preto,3508,Ribeirão Preto,-21.395904462135217,-48.22644440725978
3518701,Guarujá,IV - Baixada Santista,3501,São Paulo,-23.95124396098206,-46.23515578221003
3518800,Guarulhos,I - Grande São Paulo,3501,São Paulo,-23.40270331556417,-46.45481377725621
3518859,Guatapará,XIII - Ribeirão Preto,3508,Ribeirão Preto,-21.4533367639821,-47.97990806058928
3518909,Guzolândia,II - Araçatuba,3506,Araçatuba,-20.628531474411982,-50.713604281378075
3519006,Herculândia,IX - Marília,3504,Marília,-21.962372418286662,-50.37321528853772
3519055,Holambra,VII - Campinas,3510,Campinas,-22.63033062266843,-47.06505409127416
3519071,Hortolândia,VII - Campinas,3510,Campinas,-22.87847254823608,-47.20777701539513
3519105,Iacanga,VI - Bauru,3503,Bauru,-21.89093780598337,-49.03963812283358
3519204,Iacri,IX - Marília,3504,Marília,-21.799844996118114,-50.619458379700376
3519253,Iaras,VI - Bauru,3502,Sorocaba,-22.819215246508545,-49.10679697456788
3519303,Ibaté,III - Araraquara,3509,Araraquara,-21.95089704585848,-48.02721731139649
3519402,Ibirá,XV - São José do Rio Preto,3507,São José do Rio Preto,-21.074747115344554,-49.220395060965636
3519501,Ibirarema,IX - Marília,3504,Marília,-22.813242826878163,-50.07688109209138
3519600,Ibitinga,III - Araraquara,3509,Araraquara,-21.792909974239578,-48.84788115400524
3519709,Ibiúna,XVI - Sorocaba,3502,Sorocaba,-23.802401302151907,-47.215273007244306
3519808,Icém,XV - São José do Rio Preto,3507,São José do Rio Preto,-20.367259498263312,-49.185315700429186
3519907,Iepê,XI - Presidente Prudente,3505,Presidente Prudente,-22.64859110012106,-51.0571589846571
3520004,Igaraçu Do Tietê,VI - Bauru,3503,Bauru,-22.54171819602135,-48.57452865404196
3520103,Igarapava,VIII - Franca,3508,Ribeirão Preto,-20.063669136124478,-47.68243802810046
3520202,Igaratá,XVII - Taubaté,3511,São José dos Campos,-23.13483842482057,-46.15035630791981
3520301,Iguape,XII - Registro,3502,Sorocaba,-24.549486725724215,-47.474319644184085
3520400,Ilhabela,XVII - Taubaté,3511,São José dos Campos,-23.848501748923816,-45.323260632619075
3520426,Ilha Comprida,XII - Registro,3502,Sorocaba,-24.859224086975235,-47.71560153673879
3520442,Ilha Solteira,II - Araçatuba,3506,Araçatuba,-20.431422306457385,-51.259037321117454
3520509,Indaiatuba,VII - Campinas,3510,Campinas,-23.106045115817412,-47.20253482024654
3520608,Indiana,XI - Presidente Prudente,3505,Presidente Prudente,-22.133177814414996,-51.26257556135281
3520707,Indiaporã,XV - São José do Rio Preto,3507,São José do Rio Preto,-19.947950393702737,-50.263657392138235
3520806,Inúbia Paulista,IX - Marília,3505,Presidente Prudente,-21.739059651166528,-50.95745663860372
3520905,Ipaussu,IX - Marília,3504,Marília,-23.065016533083295,-49.60809643169818
3521002,Iperó,XVI - Sorocaba,3502,Sorocaba,-23.404421180423,-47.629150087005634
3521101,Ipeúna,X - Piracicaba,3510,Campinas,-22.423918762119932,-47.71606424121714
3521150,Ipiguá,XV - São José do Rio Preto,3507,São José do Rio Preto,-20.648018289835655,-49.40353503621974
3521200,Iporanga,XII - Registro,3502,Sorocaba,-24.512692545232458,-48.546323609736845
3521309,Ipuã,VIII - Franca,3508,Ribeirão Preto,-20.417513860592095,-48.06650541212104
3521408,Iracemápolis,X - Piracicaba,3510,Campinas,-22.593714642276254,-47.524224575864025
3521507,Irapuã,XV - São José do Rio Preto,3507,São José do Rio Preto,-21.267718297657563,-49.39742750287388
3521606,Irapuru,XI - Presidente Prudente,3505,Presidente Prudente,-21.484268740315233,-51.34648739841656
3521705,Itaberá,XVI - Sorocaba,3502,Sorocaba,-23.871325875213714,-49.14244871706174
3521804,Itaí,VI - Bauru,3502,Sorocaba,-23.47142699874137,-49.054189712661106
3521903,Itajobi,XV - São José do Rio Preto,3507,São José do Rio Preto,-21.355571180932614,-49.05369015661689
3522000,Itaju,VI - Bauru,3503,Bauru,-21.951665399317008,-48.79399635544412
3522109,Itanhaém,IV - Baixada Santista,3501,São Paulo,-24.092235648446945,-46.8345463129875
3522158,Itaoca,XVI - Sorocaba,3502,Sorocaba,-24.617819211097917,-48.83896579511446
3522208,Itapecerica Da Serra,I - Grande São Paulo,3501,São Paulo,-23.737248362353334,-46.85888676806548
3522307,Itapetininga,XVI - Sorocaba,3502,Sorocaba,-23.645465998475085,-48.123260485527084
3522406,Itapeva,XVI - Sorocaba,3502,Sorocaba,-23.914064535041117,-48.87171575936796
3522505,Itapevi,I - Grande São Paulo,3501,São Paulo,-23.550936650494638,-46.96770186747751
3522604,Itapira,XIV - São João da Boa Vista,3510,Campinas,-22.431920957785152,-46.77208514899215
3522653,Itapirapuã Paulista,XVI - Sorocaba,3502,Sorocaba,-24.569030709947985,-49.22297089928672
3522703,Itápolis,III - Araraquara,3509,Araraquara,-21.54809624977248,-48.81545396991741
3522802,Itaporanga,VI - Bauru,3502,Sorocaba,-23.67290928144746,-49.458504519609164
3522901,Itapuí,VI - Bauru,3503,Bauru,-22.250848552711382,-48.70140210624797
3523008,Itapura,II - Araçatuba,3506,Araçatuba,-20.594986436491315,-51.440482108358346
3523107,Itaquaquecetuba,I - Grande São Paulo,3501,São Paulo,-23.461505396525645,-46.33394953515158
3523206,Itararé,XVI - Sorocaba,3502,Sorocaba,-24.08051779643405,-49.303550956702075
3523305,Itariri,XII - Registro,3501,São Paulo,-24.29262601228455,-47.128051264743355
3523404,Itatiba,VII - Campinas,3510,Campinas,-23.006660028218516,-46.814340963179475
3523503,Itatinga,VI - Bauru,3503,Bauru,-23.153608621694758,-48.629389154471184
3523602,Itirapina,X - Piracicaba,3509,Araraquara,-22.29457378702952,-47.834025219730876
3523701,Itirapuã,VIII - Franca,3508,Ribeirão Preto,-20.657589199087028,-47.16926239754503
3523800,Itobi,XIV - São João da Boa Vista,3510,Campinas,-21.749035897792414,-46.92197622212138
3523909,Itu,XVI - Sorocaba,3502,Sorocaba,-23.307126205544318,-47.28454368292206
3524006,Itupeva,VII - Campinas,3510,Campinas,-23.14657282429031,-47.06847541435026
3524105,Ituverava,VIII - Franca,3508,Ribeirão Preto,-20.329502857565416,-47.80955472498111
3524204,Jaborandi,V - Barretos,3508,Ribeirão Preto,-20.650028113273375,-48.415955618724304
3524303,Jaboticabal,XIII - Ribeirão Preto,3508,Ribeirão Preto,-21.21835379074203,-48.287927111934955
3524402,Jacareí,XVII - Taubaté,3511,São José dos Campos,-23.29889892394515,-45.990575700768474
3524501,Jaci,XV - São José do Rio Preto,3507,São José do Rio Preto,-20.945198976912028,-49.58114643468699
3524600,Jacupiranga,XII - Registro,3502,Sorocaba,-24.777310352007742,-48.053872371673215
3524709,Jaguariúna,VII - Campinas,3510,Campinas,-22.69199048747924,-47.01272313414685
3524808,Jales,XV - São José do Rio Preto,3507,São José do Rio Preto,-20.28580474318891,-50.55412379846753
3524907,Jambeiro,XVII - Taubaté,3511,São José dos Campos,-23.279295843195857,-45.71062928806455
3525003,Jandira,I - Grande São Paulo,3501,São Paulo,-23.54406014419664,-46.899733434361046
3525102,Jardinópolis,XIII - Ribeirão Preto,3508,Ribeirão Preto,-20.99193095509817,-47.82608427716853
3525201,Jarinu,VII - Campinas,3510,Campinas,-23.111985709768838,-46.72135878070162
3525300,Jaú,VI - Bauru,3503,Bauru,-22.29607040719417,-48.55593549230614
3525409,Jeriquara,VIII - Franca,3508,Ribeirão Preto,-20.34016084608723,-47.57411170840371
3525508,Joanópolis,VII - Campinas,3510,Campinas,-22.938819240894016,-46.209219528745784
3525607,João Ramalho,XI - Presidente Prudente,3505,Presidente Prudente,-22.27799876925457,-50.79914678655298
3525706,José Bonifácio,XV - São José do Rio Preto,3507,São José do Rio Preto,-21.089451541778995,-49.779404172460794
3525805,Júlio Mesquita,IX - Marília,3504,Marília,-21.972940453854786,-49.793293375459896
3525854,Jumirim,XVI - Sorocaba,3502,Sorocaba,-23.099602327806053,-47.78811173578995
3525904,Jundiaí,VII - Campinas,3510,Campinas,-23.194623326470122,-46.9130257690727
3526001,Junqueirópolis,XI - Presidente Prudente,3505,Presidente Prudente,-21.448947096191397,-51.43502135838444
3526100,Juquiá,XII - Registro,3502,Sorocaba,-24.213593289887633,-47.65226539417779
3526209,Juquitiba,I - Grande São Paulo,3501,São Paulo,-23.955190181207406,-47.024644817366664
3526308,Lagoinha,XVII - Taubaté,3511,São José dos Campos,-23.08578400577375,-45.206812813117025
3526407,Laranjal Paulista,VI - Bauru,3510,Campinas,-23.012230441950372,-47.865661709036736
3526506,Lavínia,II - Araçatuba,3506,Araçatuba,-21.150818056236854,-51.03266035541414
3526605,Lavrinhas,XVII - Taubaté,3511,São José dos Campos,-22.520309508941878,-44.888811754037214
3526704,Leme,X - Piracicaba,3510,Campinas,-22.17211822617043,-47.337580482910326
3526803,Lençóis Paulista,VI - Bauru,3503,Bauru,-22.676104405412822,-48.82499766483974
3526902,Limeira,X - Piracicaba,3510,Campinas,-22.598448682235656,-47.36362749393205
3527009,Lindóia,VII - Campinas,3510,Campinas,-22.513428276676034,-46.65486100941073
3527108,Lins,VI - Bauru,3503,Bauru,-21.64979101207411,-49.68287537051426
3527207,Lorena,XVII - Taubaté,3511,São José dos Campos,-22.793943995054214,-45.06005214433439
3527256,Lourdes,II - Araçatuba,3506,Araçatuba,-20.949174165162482,-50.23405736152987
3527306,Louveira,VII - Campinas,3510,Campinas,-23.084238425600123,-46.93716196779324
3527405,Lucélia,IX - Marília,3505,Presidente Prudente,-21.644205481920938,-50.99166343079365
3527504,Lucianópolis,VI - Bauru,3503,Bauru,-22.473372652485217,-49.55029354782543
3527603,Luís Antônio,XIII - Ribeirão Preto,3508,Ribeirão Preto,-21.55271727501901,-47.78184720013109
3527702,Luiziânia,II - Araçatuba,3506,Araçatuba,-21.67262704989049,-50.35086730595433
3527801,Lupércio,IX - Marília,3504,Marília,-22.427139260466447,-49.81696902619796
3527900,Lutécia,IX - Marília,3504,Marília,-22.32532561072256,-50.38548840983906
3528007,Macatuba,VI - Bauru,3503,Bauru,-22.487176266463248,-48.71936474882837
3528106,Macaubal,XV - São José do Rio Preto,3507,São José do Rio Preto,-20.837884506505052,-49.97497583060144
3528205,Macedônia,XV - São José do Rio Preto,3507,São José do Rio Preto,-20.098127048252035,-50.18153819149874
3528304,Magda,XV - São José do Rio Preto,3506,Araçatuba,-20.59654278510588,-50.23008799039931
3528403,Mairinque,XVI - Sorocaba,3502,Sorocaba,-23.507959075901205,-47.22931284295078
3528502,Mairiporã,I - Grande São Paulo,3501,São Paulo,-23.317267190242262,-46.56125636904137
3528601,Manduri,VI - Bauru,3502,Sorocaba,-23.047067186867668,-49.30360776421014
3528700,Marabá Paulista,XI - Presidente Prudente,3505,Presidente Prudente,-22.12772299590738,-52.05658384804786
3528809,Maracaí,IX - Marília,3504,Marília,-22.652230948525236,-50.745320850866555
3528858,Marapoama,XV - São José do Rio Preto,3507,São José do Rio Preto,-21.25551981624689,-49.13778402224457
3528908,Mariápolis,IX - Marília,3505,Presidente Prudente,-21.779162345017166,-51.17180255252485
3529005,Marília,IX - Marília,3504,Marília,-22.177763039097734,-49.983076125762906
3529104,Marinópolis,XV - São José do Rio Preto,3507,São José do Rio Preto,-20.479889054342536,-50.83232186831447
3529203,Martinópolis,XI - Presidente Prudente,3505,Presidente Prudente,-22.1723821329357,-51.12341769718249
3529302,Matão,III - Araraquara,3509,Araraquara,-21.61012361069833,-48.430188842402885
3529401,Mauá,I - Grande São Paulo,3501,São Paulo,-23.66605951601491,-46.44626476988412
3529500,Mendonça,XV - São José do Rio Preto,3507,São José do Rio Preto,-21.194060877790783,-49.570288477883025
3529609,Meridiano,XV - São José do Rio Preto,3507,São José do Rio Preto,-20.398214925814543,-50.18661049359923
3529658,Mesópolis,XV - São José do Rio Preto,3507,São José do Rio Preto,-19.957484214152533,-50.61543983059773
3529708,Miguelópolis,VIII - Franca,3508,Ribeirão Preto,-20.18469575795172,-48.10541737538989
3529807,Mineiros Do Tietê,VI - Bauru,3503,Bauru,-22.46330506299724,-48.43323711143865
3529906,Miracatu,XII - Registro,3502,Sorocaba,-24.195049622276873,-47.39466621677679
3530003,Mira Estrela,XV - São José do Rio Preto,3507,São José do Rio Preto,-19.95182036296422,-50.1242880907286
3530102,Mirandópolis,II - Araçatuba,3506,Araçatuba,-21.081122363794936,-51.13058499856235
3530201,Mirante Do Paranapanema,XI - Presidente Prudente,3505,Presidente Prudente,-22.349238835280016,-51.9979661591891
3530300,Mirassol,XV - São José do Rio Preto,3507,São José do Rio Preto,-20.8275257432217,-49.50424959426913
3530409,Mirassolândia,XV - São José do Rio Preto,3507,São José do Rio Preto,-20.594934627065765,-49.48696430838212
3530508,Mococa,XIV - São João da Boa Vista,3510,Campinas,-21.44954751589151,-47.03286946882002
3530607,Mogi Das Cruzes,I - Grande São Paulo,3501,São Paulo,-23.56957916142819,-46.186070937847404
3530706,Mogi Guaçu,XIV - São João da Boa Vista,3510,Campinas,-22.232073787409497,-47.028987374344226
3530805,Mogi Mirim,XIV - São João da Boa Vista,3510,Campinas,-22.451288703429572,-46.98840823930738
3530904,Mombuca,X - Piracicaba,3510,Campinas,-22.942707218991362,-47.60207560365985
3531001,Monções,XV - São José do Rio Preto,3506,Araçatuba,-20.863089396436713,-50.079421143536116
3531100,Mongaguá,IV - Baixada Santista,3501,São Paulo,-24.070185243148227,-46.66783148966019
3531209,Monte Alegre Do Sul,VII - Campinas,3510,Campinas,-22.704296014638977,-46.66766795574122
3531308,Monte Alto,XIII - Ribeirão Preto,3508,Ribeirão Preto,-21.25930684439363,-48.533036196932294
3531407,Monte Aprazível,XV - São José do Rio Preto,3507,São José do Rio Preto,-20.737617048737583,-49.765848531887414
3531506,Monte Azul Paulista,V - Barretos,3508,Ribeirão Preto,-20.908867695827226,-48.6812831409166
3531605,Monte Castelo,XI - Presidente Prudente,3505,Presidente Prudente,-21.254899552056433,-51.57136211478864
3531704,Monteiro Lobato,XVII - Taubaté,3511,São José dos Campos,-22.936499045780195,-45.80427132446335
3531803,Monte Mor,VII - Campinas,3510,Campinas,-22.953224956104826,-47.307404597336514
3531902,Morro Agudo,VIII - Franca,3508,Ribeirão Preto,-20.688770314782225,-48.153308153070945
3532009,Morungaba,VII - Campinas,3510,Campinas,-22.893863556904947,-46.78265493513755
3532058,Motuca,III - Araraquara,3509,Araraquara,-21.513757462170314,-48.17034716911265
3532108,Murutinga Do Sul,II - Araçatuba,3506,Araçatuba,-20.996757926930773,-51.30139330140222
3532157,Nantes,XI - Presidente Prudente,3505,Presidente Prudente,-22.596875811839798,-51.200905866082906
3532207,Narandiba,XI - Presidente Prudente,3505,Presidente Prudente,-22.563715401915317,-51.52168392317418
3532306,Natividade Da Serra,XVII - Taubaté,3511,São José dos Campos,-23.415139405641206,-45.381519637292996
3532405,Nazaré Paulista,VII - Campinas,3510,Campinas,-23.19143350294109,-46.36646709415912
3532504,Neves Paulista,XV - São José do Rio Preto,3507,São José do Rio Preto,-20.87051194992564,-49.646521674990005
3532603,Nhandeara,XV - São José do Rio Preto,3507,São José do Rio Preto,-20.672984428452505,-50.04685477943742
3532702,Nipoã,XV - São José do Rio Preto,3507,São José do Rio Preto,-20.891706668346718,-49.77828160818445
3532801,Nova Aliança,XV - São José do Rio Preto,3507,São José do Rio Preto,-21.062608167617682,-49.51591113951325
3532827,Nova Campina,XVI - Sorocaba,3502,Sorocaba,-24.190572877857885,-48.972951434063255
3532843,Nova Canaã Paulista,XV - São José do Rio Preto,3507,São José do Rio Preto,-20.372018899899174,-50.91054240913295
3532868,Nova Castilho,II - Araçatuba,3506,Araçatuba,-20.77787476844624,-50.345760888068654
3532900,Nova Europa,III - Araraquara,3509,Araraquara,-21.77430339823498,-48.549656197463
3533007,Nova Granada,XV - São José do Rio Preto,3507,São José do Rio Preto,-20.476020971575316,-49.331134976823776
3533106,Nova Guataporanga,XI - Presidente Prudente,3505,Presidente Prudente,-21.322344338703665,-51.64550342577365
3533205,Nova Independência,II - Araçatuba,3506,Araçatuba,-21.135361264510628,-51.50513330031615
3533254,Novais,XV - São José do Rio Preto,3507,São José do Rio Preto,-20.988643064961394,-48.91801503248956
3533304,Nova Luzitânia,II - Araçatuba,3506,Araçatuba,-20.868669553658798,-50.249235780248966
3533403,Nova Odessa,VII - Campinas,3510,Campinas,-22.78412384989907,-47.285127501677394
3533502,Novo Horizonte,XV - São José do Rio Preto,3507,São José do Rio Preto,-21.46920462368689,-49.28380080269697
3533601,Nuporanga,VIII - Franca,3508,Ribeirão Preto,-20.704707185255955,-47.72907707034355
3533700,Ocauçu,IX - Marília,3504,Marília,-22.438112459050732,-49.93793453685261
3533809,Óleo,IX - Marília,3502,Sorocaba,-22.95368485264947,-49.38306956432292
3533908,Olímpia,V - Barretos,3508,Ribeirão Preto,-20.70529464149633,-48.9595813976279
3534005,Onda Verde,XV - São José do Rio Preto,3507,São José do Rio Preto,-20.617395628333227,-49.24369393833902
3534104,Oriente,IX - Marília,3504,Marília,-22.142033750778005,-50.093802137088666
3534203,Orindiúva,XV - São José do Rio Preto,3507,São José do Rio Preto,-20.201620528009382,-49.355479373166034
3534302,Orlândia,VIII - Franca,3508,Ribeirão Preto,-20.697846561630875,-47.90584446894355
3534401,Osasco,I - Grande São Paulo,3501,São Paulo,-23.52865227791803,-46.7892190140899
3534500,Oscar Bressane,IX - Marília,3504,Marília,-22.295335973845663,-50.25728926318905
3534609,Osvaldo Cruz,IX - Marília,3505,Presidente Prudente,-21.732727576049655,-50.873912131163316
3534708,Ourinhos,IX - Marília,3504,Marília,-22.95268816032345,-49.85244650169712
3534757,Ouroeste,XV - São José do Rio Preto,3507,São José do Rio Preto,-19.922410799286887,-50.401964068571
3534807,Ouro Verde,XI - Presidente Prudente,3505,Presidente Prudente,-21.5103958009719,-51.73791787440461
3534906,Pacaembu,IX - Marília,3505,Presidente Prudente,-21.495490428838767,-51.274165277595614
3535002,Palestina,XV - São José do Rio Preto,3507,São José do Rio Preto,-20.32117180532779,-49.49758782224104
3535101,Palmares Paulista,XV - São José do Rio Preto,3507,São José do Rio Preto,-21.10454587135242,-48.82674762303973
3535200,Palmeira D'oeste,XV - São José do Rio Preto,3507,São José do Rio Preto,-20.43885707774316,-50.748742821824486
3535309,Palmital,IX - Marília,3504,Marília,-22.828738786655734,-50.22083359939934
3535408,Panorama,XI - Presidente Prudente,3505,Presidente Prudente,-21.463275444293618,-51.85806086993514
3535507,Paraguaçu Paulista,IX - Marília,3504,Marília,-22.459039897477815,-50.62659240038253
3535606,Paraibuna,XVII - Taubaté,3511,São José dos Campos,-23.47835089985608,-45.641865199506476
3535705,Paraíso,XV - São José do Rio Preto,3507,São José do Rio Preto,-21.019656837968583,-48.76458522943821
3535804,Paranapanema,VI - Bauru,3502,Sorocaba,-23.43853532869426,-48.79521034754044
3535903,Paranapuã,XV - São José do Rio Preto,3507,São José do Rio Preto,-20.06368728620394,-50.59395158074767
3536000,Parapuã,IX - Marília,3504,Marília,-21.853003685942774,-50.821750308251154
3536109,Pardinho,VI - Bauru,3503,Bauru,-23.10212980690128,-48.401816709211175
3536208,Pariquera-Açu,XII - Registro,3502,Sorocaba,-24.678292265680277,-47.85007264897907
3536257,Parisi,XV - São José do Rio Preto,3507,São José do Rio Preto,-20.271614802443754,-50.03734526155627
3536307,Patrocínio Paulista,VIII - Franca,3508,Ribeirão Preto,-20.70427143677867,-47.289440302048995
3536406,Paulicéia,XI - Presidente Prudente,3505,Presidente Prudente,-21.198395332929863,-51.790751400569775
3536505,Paulínia,VII - Campinas,3510,Campinas,-22.74841909182135,-47.14509657843656
3536570,Paulistânia,VI - Bauru,3503,Bauru,-22.568381857875853,-49.305527037121735
3536604,Paulo De Faria,XV - São José do Rio Preto,3507,São José do Rio Preto,-20.066626296178722,-49.463378703471875
3536703,Pederneiras,VI - Bauru,3503,Bauru,-22.30132035879378,-48.86108961495306
3536802,Pedra Bela,VII - Campinas,3510,Campinas,-22.775788827960834,-46.44177119118878
3536901,Pedranópolis,XV - São José do Rio Preto,3507,São José do Rio Preto,-20.210155120493052,-50.10696017080861
3537008,Pedregulho,VIII - Franca,3508,Ribeirão Preto,-20.20554254901891,-47.43908341028585
3537107,Pedreira,VII - Campinas,3510,Campinas,-22.754696677770575,-46.88849086802263
3537156,Pedrinhas Paulista,IX - Marília,3504,Marília,-22.816852487233028,-50.80247279386036
3537206,Pedro De Toledo,XII - Registro,3501,São Paulo,-24.163739663827474,-47.16352180256581
3537305,Penápolis,II - Araçatuba,3506,Araçatuba,-21.40539551559958,-50.095680061151626
3537404,Pereira Barreto,II - Araçatuba,3506,Araçatuba,-20.677759277391427,-51.10646172329748
3537503,Pereiras,VI - Bauru,3502,Sorocaba,-23.120463031839687,-47.97885690012059
3537602,Peruíbe,IV - Baixada Santista,3501,São Paulo,-24.279354612145696,-47.01294510899267
3537701,Piacatu,II - Araçatuba,3506,Araçatuba,-21.57140454857271,-50.64351952144269
3537800,Piedade,XVI - Sorocaba,3502,Sorocaba,-23.786947274532846,-47.4381169480439
3537909,Pilar Do Sul,XVI - Sorocaba,3502,Sorocaba,-23.85641707956896,-47.72809237574167
3538006,Pindamonhangaba,XVII - Taubaté,3511,São José dos Campos,-22.87998982162936,-45.45924849368436
3538105,Pindorama,XV - São José do Rio Preto,3507,São José do Rio Preto,-21.209730813658673,-48.91158866161883
3538204,Pinhalzinho,VII - Campinas,3510,Campinas,-22.778887296140255,-46.57343034937161
3538303,Piquerobi,XI - Presidente Prudente,3505,Presidente Prudente,-21.85262449648562,-51.73156061692208
3538501,Piquete,XVII - Taubaté,3511,São José dos Campos,-22.590297250738185,-45.17388517662308
3538600,Piracaia,VII - Campinas,3510,Campinas,-23.046903288538054,-46.302339539414106
3538709,Piracicaba,X - Piracicaba,3510,Campinas,-22.72643000429105,-47.783986474331
3538808,Piraju,VI - Bauru,3504,Marília,-23.186892949957194,-49.366137898377815
3538907,Pirajuí,VI - Bauru,3503,Bauru,-21.95759949440056,-49.413599697541216
3539004,Pirangi,XV - São José do Rio Preto,3507,São José do Rio Preto,-21.093920954202822,-48.66930803564165
3539103,Pirapora Do Bom Jesus,I - Grande São Paulo,3501,São Paulo,-23.378270951657885,-46.984886646831036
3539202,Pirapozinho,XI - Presidente Prudente,3505,Presidente Prudente,-22.47931976552157,-51.6198993902823
3539301,Pirassununga,X - Piracicaba,3509,Araraquara,-21.99595718572755,-47.38999453924137
3539400,Piratininga,VI - Bauru,3503,Bauru,-22.42493729968644,-49.1917742875682
3539509,Pitangueiras,XIII - Ribeirão Preto,3508,Ribeirão Preto,-21.0061676006236,-48.24944119573219
3539608,Planalto,XV - São José do Rio Preto,3507,São José do Rio Preto,-21.001265042034092,-49.9359507158659
3539707,Platina,IX - Marília,3504,Marília,-22.625287228182422,-50.2127352014168
3539806,Poá,I - Grande São Paulo,3501,São Paulo,-23.530386859890527,-46.346722337859354
3539905,Poloni,XV - São José do Rio Preto,3507,São José do Rio Preto,-20.752327773280363,-49.81993437799737
3540002,Pompéia,IX - Marília,3504,Marília,-22.02910524135376,-50.1877200613239
3540101,Pongaí,VI - Bauru,3503,Bauru,-21.730168043473803,-49.35891820668338
3540200,Pontal,XIII - Ribeirão Preto,3508,Ribeirão Preto,-20.98456510844546,-48.064467868189475
3540259,Pontalinda,XV - São José do Rio Preto,3507,São José do Rio Preto,-20.4506850830247,-50.52504511006549
3540309,Pontes Gestal,XV - São José do Rio Preto,3507,São José do Rio Preto,-20.1748417347038,-49.75731595537068
3540408,Populina,XV - São José do Rio Preto,3507,São José do Rio Preto,-19.9073382080485,-50.51734528407508
3540507,Porangaba,VI - Bauru,3502,Sorocaba,-23.173867547065782,-48.11738665167598
3540606,Porto Feliz,XVI - Sorocaba,3502,Sorocaba,-23.230331243853527,-47.516903283310555
3540705,Porto Ferreira,III - Araraquara,3509,Araraquara,-21.842639634267353,-47.44731475086645
3540754,Potim,XVII - Taubaté,3511,São José dos Campos,-22.825165304889588,-45.303322797152404
3540804,Potirendaba,XV - São José do Rio Preto,3507,São José do Rio Preto,-21.0754936474372,-49.391710154805956
3540853,Pracinha,IX - Marília,3505,Presidente Prudente,-21.837648167304327,-51.07530579498268
3540903,Pradópolis,XIII - Ribeirão Preto,3508,Ribeirão Preto,-21.344430679747912,-48.086022195381105
3541000,Praia Grande,IV - Baixada Santista,3501,São Paulo,-24.0155415628963,-46.52244951021128
3541059,Pratânia,VI - Bauru,3503,Bauru,-22.818554493629836,-48.69683074481594
3541109,Presidente Alves,VI - Bauru,3503,Bauru,-22.122184068522465,-49.431861949677355
3541208,Presidente Bernardes,XI - Presidente Prudente,3505,Presidente Prudente,-22.10732703563528,-51.62029136683964
3541307,Presidente Epitácio,XI - Presidente Prudente,3505,Presidente Prudente,-21.910579529966572,-52.174822416238285
3541406,Presidente Prudente,XI - Presidente Prudente,3505,Presidente Prudente,-21.993193585836895,-51.343128355659026
3541505,Presidente Venceslau,XI - Presidente Prudente,3505,Presidente Prudente,-21.793035695158267,-51.8383552327889
3541604,Promissão,VI - Bauru,3503,Bauru,-21.524613110170655,-49.87047777601909
3541653,Quadra,XVI - Sorocaba,3502,Sorocaba,-23.301007180993032,-48.038579522272514
3541703,Quatá,XI - Presidente Prudente,3505,Presidente Prudente,-22.205887221812162,-50.64528593422648
3541802,Queiroz,IX - Marília,3504,Marília,-21.800579649362746,-50.2452425251645
3541901,Queluz,XVII - Taubaté,3511,São José dos Campos,-22.504306247422665,-44.78529595149792
3542008,Quintana,IX - Marília,3504,Marília,-22.100181262468666,-50.36925065534861
3542107,Rafard,X - Piracicaba,3510,Campinas,-23.045162804517304,-47.583681759651625
3542206,Rancharia,XI - Presidente Prudente,3505,Presidente Prudente,-22.282760765629483,-50.92828213203551
3542305,Redenção Da Serra,XVII - Taubaté,3511,São José dos Campos,-23.25371162845724,-45.5261867677044
3542404,Regente Feijó,XI - Presidente Prudente,3505,Presidente Prudente,-22.252558736014524,-51.29406126055923
3542503,Reginópolis,VI - Bauru,3503,Bauru,-21.883278839755395,-49.18049522788205
3542602,Registro,XII - Registro,3502,Sorocaba,-24.504024658405967,-47.82077041314459
3542701,Restinga,VIII - Franca,3508,Ribeirão Preto,-20.648166726184254,-47.505930196338966
3542800,Ribeira,XVI - Sorocaba,3502,Sorocaba,-24.607346347757186,-49.036606870053106
3542909,Ribeirão Bonito,III - Araraquara,3509,Araraquara,-22.06012411481283,-48.18530687755984
3543006,Ribeirão Branco,XVI - Sorocaba,3502,Sorocaba,-24.2561471179464,-48.77811606273256
3543105,Ribeirão Corrente,VIII - Franca,3508,Ribeirão Preto,-20.448982238507,-47.573282973271084
3543204,Ribeirão Do Sul,IX - Marília,3504,Marília,-22.751595530867217,-49.92260570756231
3543238,Ribeirão Dos Índios,XI - Presidente Prudente,3505,Presidente Prudente,-21.784234079818958,-51.58334416809549
3543253,Ribeirão Grande,XVI - Sorocaba,3502,Sorocaba,-24.188662948580927,-48.35875980672767
3543303,Ribeirão Pires,I - Grande São Paulo,3501,São Paulo,-23.70111493934337,-46.40286011453581
3543402,Ribeirão Preto,XIII - Ribeirão Preto,3508,Ribeirão Preto,-21.210817999132612,-47.821284911161975
3543501,Riversul,XVI - Sorocaba,3502,Sorocaba,-23.846867378815677,-49.44782117970663
3543600,Rifaina,VIII - Franca,3508,Ribeirão Preto,-20.060775902865814,-47.4409205987196
3543709,Rincão,III - Araraquara,3509,Araraquara,-21.59386416331373,-48.03216912709654
3543808,Rinópolis,IX - Marília,3504,Marília,-21.681160942202446,-50.71748361687787
3543907,Rio Claro,X - Piracicaba,3510,Campinas,-22.373861386423766,-47.57993025799702
3544004,Rio Das Pedras,X - Piracicaba,3510,Campinas,-22.850351350441905,-47.5984540472865
3544103,Rio Grande Da Serra,I - Grande São Paulo,3501,São Paulo,-23.737834821603865,-46.37945562437553
3544202,Riolândia,XV - São José do Rio Preto,3507,São José do Rio Preto,-20.023510617532853,-49.70910935781957
3544251,Rosana,XI - Presidente Prudente,3505,Presidente Prudente,-22.48915903145892,-52.83691590307127
3544301,Roseira,XVII - Taubaté,3511,São José dos Campos,-22.933063328371265,-45.3024460562781
3544400,Rubiácea,II - Araçatuba,3506,Araçatuba,-21.360914973899774,-50.7858864929179
3544509,Rubinéia,XV - São José do Rio Preto,3507,São José do Rio Preto,-20.2498938112016,-51.01836832129339
3544608,Sabino,VI - Bauru,3503,Bauru,-21.470912271222534,-49.575559840655096
3544707,Sagres,IX - Marília,3505,Presidente Prudente,-21.867780250517594,-50.99032964593164
3544806,Sales,XV - São José do Rio Preto,3507,São José do Rio Preto,-21.347279482560733,-49.502768092876344
3544905,Sales Oliveira,VIII - Franca,3508,Ribeirão Preto,-20.831454553655597,-47.854553000546325
3545001,Salesópolis,I - Grande São Paulo,3501,São Paulo,-23.58021851991111,-45.842607566900845
3545100,Salmourão,IX - Marília,3505,Presidente Prudente,-21.588095610602863,-50.87626453339086
3545159,Saltinho,X - Piracicaba,3510,Campinas,-22.871227885470393,-47.73178231526208
3545209,Salto,XVI - Sorocaba,3502,Sorocaba,-23.180441483668503,-47.30268927334826
3545308,Salto De Pirapora,XVI - Sorocaba,3502,Sorocaba,-23.652789903543965,-47.58065976632772
3545407,Salto Grande,IX - Marília,3504,Marília,-22.87085032995181,-49.960841645313344
3545506,Sandovalina,XI - Presidente Prudente,3505,Presidente Prudente,-22.477859641757995,-51.84217821823807
3545605,Santa Adélia,XV - São José do Rio Preto,3507,São José do Rio Preto,-21.317816441713358,-48.8190233871678
3545704,Santa Albertina,XV - São José do Rio Preto,3507,São José do Rio Preto,-20.0141315331291,-50.72765721905332
3545803,Santa Bárbara D'oeste,VII - Campinas,3510,Campinas,-22.80061874688306,-47.428028563453765
3546009,Santa Branca,XVII - Taubaté,3511,São José dos Campos,-23.426407265472825,-45.863280090024055
3546108,Santa Clara D'oeste,XV - São José do Rio Preto,3507,São José do Rio Preto,-20.06688894989941,-50.90839438725797
3546207,Santa Cruz Da Conceição,X - Piracicaba,3510,Campinas,-22.121383680343552,-47.48561030603799
3546256,Santa Cruz Da Esperança,XIII - Ribeirão Preto,3508,Ribeirão Preto,-21.274859208383216,-47.43963617148285
3546306,Santa Cruz Das Palmeiras,XIV - São João da Boa Vista,3510,Campinas,-21.85556838633206,-47.25014700914511
3546405,Santa Cruz Do Rio Pardo,IX - Marília,3504,Marília,-22.80932060014899,-49.5690091259146
3546504,Santa Ernestina,III - Araraquara,3508,Ribeirão Preto,-21.452544537037227,-48.366762500450086
3546603,Santa Fé Do Sul,XV - São José do Rio Preto,3507,São José do Rio Preto,-20.24194929717287,-50.95018220811776
3546702,Santa Gertrudes,X - Piracicaba,3510,Campinas,-22.475128329026234,-47.52128581991365
3546801,Santa Isabel,I - Grande São Paulo,3501,São Paulo,-23.28893101562935,-46.24230674437717
3546900,Santa Lúcia,III - Araraquara,3509,Araraquara,-21.670702173831955,-48.05744726648265
3547007,Santa Maria Da Serra,X - Piracicaba,3510,Campinas,-22.56443948967172,-48.15425368421305
3547106,Santa Mercedes,XI - Presidente Prudente,3505,Presidente Prudente,-21.316759360287453,-51.73714544008517
3547205,Santana Da Ponte Pensa,XV - São José do Rio Preto,3507,São José do Rio Preto,-20.260794584181806,-50.797113134209006
3547304,Santana De Parnaíba,I - Grande São Paulo,3501,São Paulo,-23.449407495128607,-46.91678910725917
3547403,Santa Rita D'oeste,XV - São José do Rio Preto,3507,São José do Rio Preto,-20.097201204578326,-50.81268868388662
3547502,Santa Rita Do Passa Quatro,XIII - Ribeirão Preto,3509,Araraquara,-21.682485961813292,-47.50801568505499
3547601,Santa Rosa De Viterbo,XIII - Ribeirão Preto,3508,Ribeirão Preto,-21.503800872500662,-47.36626149594023
3547650,Santa Salete,XV - São José do Rio Preto,3507,São José do Rio Preto,-20.25868593563477,-50.72005569015042
3547700,Santo Anastácio,XI - Presidente Prudente,3505,Presidente Prudente,-22.037595880910967,-51.72247114432004
3547809,Santo André,I - Grande São Paulo,3501,São Paulo,-23.727931564151227,-46.4415517835218
3547908,Santo Antônio Da Alegria,XIII - Ribeirão Preto,3508,Ribeirão Preto,-21.092398327517927,-47.19580908620733
3548005,Santo Antônio De Posse,VII - Campinas,3510,Campinas,-22.60328128854968,-46.94990150978168
3548054,Santo Antônio Do Aracanguá,II - Araçatuba,3506,Araçatuba,-20.872965804315676,-50.554330593193576
3548104,Santo Antônio Do Jardim,XIV - São João da Boa Vista,3510,Campinas,-22.130401036569303,-46.683292421618866
3548203,Santo Antônio Do Pinhal,XVII - Taubaté,3511,São José dos Campos,-22.83181560117007,-45.697991089753735
3548302,Santo Expedito,XI - Presidente Prudente,3505,Presidente Prudente,-21.82480184065004,-51.37017683439403
3548401,Santópolis Do Aguapeí,II - Araçatuba,3506,Araçatuba,-21.660180620399142,-50.51797720803231
3548500,Santos,IV - Baixada Santista,3501,São Paulo,-23.86906020658384,-46.291595684489046
3548609,São Bento Do Sapucaí,XVII - Taubaté,3511,São José dos Campos,-22.681483280458778,-45.68680871719307
3548708,São Bernardo Do Campo,I - Grande São Paulo,3501,São Paulo,-23.812961406255884,-46.550856475540336
3548807,São Caetano Do Sul,I - Grande São Paulo,3501,São Paulo,-23.62622767069544,-46.566121385654355
3548906,São Carlos,III - Araraquara,3509,Araraquara,-21.918987095201718,-47.86720541131034
3549003,São Francisco,XV - São José do Rio Preto,3507,São José do Rio Preto,-20.36580383150158,-50.67583998777169
3549102,São João Da Boa Vista,XIV - São João da Boa Vista,3510,Campinas,-21.97798893727716,-46.802125613399426
3549201,São João Das Duas Pontes,XV - São José do Rio Preto,3507,São José do Rio Preto,-20.408317994865197,-50.383408736848786
3549250,São João De Iracema,XV - São José do Rio Preto,3507,São José do Rio Preto,-20.520740223749304,-50.356281671215804
3549300,São João Do Pau D'alho,XI - Presidente Prudente,3505,Presidente Prudente,-21.223451908311983,-51.673086829215244
3549409,São Joaquim Da Barra,VIII - Franca,3508,Ribeirão Preto,-20.55060339989157,-47.93859884079487
3549508,São José Da Bela Vista,VIII - Franca,3508,Ribeirão Preto,-20.587558890558885,-47.627184596003836
3549607,São José Do Barreiro,XVII - Taubaté,3511,São José dos Campos,-22.74880243582163,-44.587207366064874
3549706,São José Do Rio Pardo,XIV - São João da Boa Vista,3510,Campinas,-21.603698331900265,-46.87948283091742
3549805,São José Do Rio Preto,XV - São José do Rio Preto,3507,São José do Rio Preto,-20.79734585897009,-49.358058864590426
3549904,São José Dos Campos,XVII - Taubaté,3511,São José dos Campos,-23.09057963678824,-45.92856073067572
3549953,São Lourenço Da Serra,I - Grande São Paulo,3501,São Paulo,-23.852416521826967,-46.93633998465718
3550001,São Luiz Do Paraitinga,XVII - Taubaté,3511,São José dos Campos,-23.240126745880442,-45.253803533628876
3550100,São Manuel,VI - Bauru,3503,Bauru,-22.68225395285943,-48.54046837484101
3550209,São Miguel Arcanjo,XVI - Sorocaba,3502,Sorocaba,-23.913931740496285,-47.99342005035999
3550308,São Paulo,I - Grande São Paulo,3501,São Paulo,-23.65004381777975,-46.64815177560724
3550407,São Pedro,X - Piracicaba,3510,Campinas,-22.55810548011818,-47.92467953188054
3550506,São Pedro Do Turvo,IX - Marília,3504,Marília,-22.678979676185914,-49.77226607837579
3550605,São Roque,XVI - Sorocaba,3502,Sorocaba,-23.54898500560031,-47.10955393667047
3550704,São Sebastião,XVII - Taubaté,3511,São José dos Campos,-23.754374791651596,-45.60675445357505
3550803,São Sebastião Da Grama,XIV - São João da Boa Vista,3510,Campinas,-21.7539762215872,-46.753101670738495
3550902,São Simão,XIII - Ribeirão Preto,3508,Ribeirão Preto,-21.46142487509481,-47.56835349188384
3551009,São Vicente,IV - Baixada Santista,3501,São Paulo,-23.95915783953247,-46.487982020791605
3551108,Sarapuí,XVI - Sorocaba,3502,Sorocaba,-23.664358222275656,-47.785765281640955
3551207,Sarutaiá,VI - Bauru,3504,Marília,-23.25763082663943,-49.481642302845614
3551306,Sebastianópolis Do Sul,XV - São José do Rio Preto,3507,São José do Rio Preto,-20.62924422526828,-49.915842162137935
3551405,Serra Azul,XIII - Ribeirão Preto,3508,Ribeirão Preto,-21.316051687818973,-47.54972519285611
3551504,Serrana,XIII - Ribeirão Preto,3508,Ribeirão Preto,-21.216849663077003,-47.612425235575856
3551603,Serra Negra,VII - Campinas,3510,Campinas,-22.589076219323516,-46.68730663851318
3551702,Sertãozinho,XIII - Ribeirão Preto,3508,Ribeirão Preto,-21.12289717454145,-48.00902996164145
3551801,Sete Barras,XII - Registro,3502,Sorocaba,-24.27396074512409,-47.93414675505517
3551900,Severínia,V - Barretos,3508,Ribeirão Preto,-20.793169655354212,-48.79357067807632
3552007,Silveiras,XVII - Taubaté,3511,São José dos Campos,-22.7346840086612,-44.84092496578012
3552106,Socorro,VII - Campinas,3510,Campinas,-22.61118936896671,-46.524398268498715
3552205,Sorocaba,XVI - Sorocaba,3502,Sorocaba,-23.46458802088807,-47.44667591201866
3552304,Sud Mennucci,II - Araçatuba,3506,Araçatuba,-20.667596281062515,-50.900865571893625
3552403,Sumaré,VII - Campinas,3510,Campinas,-22.841846550681215,-47.262994134339706
3552502,Suzano,I - Grande São Paulo,3501,São Paulo,-23.608384140492028,-46.3104635490416
3552551,Suzanápolis,II - Araçatuba,3507,São José do Rio Preto,-20.472838581667357,-51.075610987483124
3552601,Tabapuã,XV - São José do Rio Preto,3507,São José do Rio Preto,-20.931809245144102,-49.028993533002584
3552700,Tabatinga,III - Araraquara,3509,Araraquara,-21.71247590889922,-48.629111328113574
3552809,Taboão Da Serra,I - Grande São Paulo,3501,São Paulo,-23.620508183118673,-46.78621326865483
3552908,Taciba,XI - Presidente Prudente,3505,Presidente Prudente,-22.504896615984325,-51.342305522846246
3553005,Taguaí,VI - Bauru,3502,Sorocaba,-23.474456653664024,-49.39743122398894
3553104,Taiaçu,V - Barretos,3508,Ribeirão Preto,-21.13220991318267,-48.530243275911225
3553203,Taiúva,V - Barretos,3508,Ribeirão Preto,-21.13263711444663,-48.428230457375655
3553302,Tambaú,XIV - São João da Boa Vista,3510,Campinas,-21.6017828826204,-47.23904947766516
3553401,Tanabi,XV - São José do Rio Preto,3507,São José do Rio Preto,-20.53121368525151,-49.64651474420027
3553500,Tapiraí,XVI - Sorocaba,3502,Sorocaba,-24.008705353541533,-47.61946344562445
3553609,Tapiratiba,XIV - São João da Boa Vista,3510,Campinas,-21.4507181983483,-46.74181354163057
3553658,Taquaral,V - Barretos,3508,Ribeirão Preto,-21.069265330953687,-48.39935532407967
3553708,Taquaritinga,III - Araraquara,3509,Araraquara,-21.425557824229614,-48.5379029176691
3553807,Taquarituba,VI - Bauru,3502,Sorocaba,-23.53019127985025,-49.234619082795
3553856,Taquarivaí,XVI - Sorocaba,3502,Sorocaba,-23.943352783802354,-48.68794173469599
3553906,Tarabai,XI - Presidente Prudente,3505,Presidente Prudente,-22.358020705004673,-51.625831752890015
3553955,Tarumã,IX - Marília,3504,Marília,-22.76351219552372,-50.601450766457106
3554003,Tatuí,XVI - Sorocaba,3502,Sorocaba,-23.362094035914215,-47.86961175069077
3554102,Taubaté,XVII - Taubaté,3511,São José dos Campos,-23.08714400782308,-45.502445736433
3554201,Tejupá,VI - Bauru,3504,Marília,-23.342518937456614,-49.30662076165975
3554300,Teodoro Sampaio,XI - Presidente Prudente,3505,Presidente Prudente,-22.41666119183243,-52.37406797002738
3554409,Terra Roxa,V - Barretos,3508,Ribeirão Preto,-20.778746008022413,-48.34572417364209
3554508,Tietê,XVI - Sorocaba,3502,Sorocaba,-23.049494733777127,-47.70762940832872
3554607,Timburi,IX - Marília,3504,Marília,-23.19583460753808,-49.61036612869883
3554656,Torre De Pedra,VI - Bauru,3502,Sorocaba,-23.25010526782333,-48.21269483146275
3554706,Torrinha,VI - Bauru,3503,Bauru,-22.444627061781276,-48.16445065376569
3554755,Trabiju,III - Araraquara,3509,Araraquara,-22.032319751477445,-48.345260508412835
3554805,Tremembé,XVII - Taubaté,3511,São José dos Campos,-22.940879183928402,-45.60420449492162
3554904,Três Fronteiras,XV - São José do Rio Preto,3507,São José do Rio Preto,-20.273666500846492,-50.869600298764155
3554953,Tuiuti,VII - Campinas,3510,Campinas,-22.83032920042258,-46.68762844862078
3555000,Tupã,IX - Marília,3504,Marília,-21.94728848048343,-50.534656247586554
3555109,Tupi Paulista,XI - Presidente Prudente,3505,Presidente Prudente,-21.390422443454085,-51.587220652542726
3555208,Turiúba,II - Araçatuba,3506,Araçatuba,-20.940516182128253,-50.111179888061756
3555307,Turmalina,XV - São José do Rio Preto,3507,São José do Rio Preto,-20.083572812688512,-50.45672862221372
3555356,Ubarana,XV - São José do Rio Preto,3507,São José do Rio Preto,-21.21977351773522,-49.74821323864355
3555406,Ubatuba,XVII - Taubaté,3511,São José dos Campos,-23.381256422064325,-45.02423633891485
3555505,Ubirajara,IX - Marília,3503,Bauru,-22.544261809395394,-49.66594624808054
3555604,Uchoa,XV - São José do Rio Preto,3507,São José do Rio Preto,-20.93695598840483,-49.15777066409398
3555703,União Paulista,XV - São José do Rio Preto,3507,São José do Rio Preto,-20.890545222019174,-49.88727708625874
3555802,Urânia,XV - São José do Rio Preto,3507,São José do Rio Preto,-20.20878990317419,-50.652441946636316
3555901,Uru,VI - Bauru,3503,Bauru,-21.765932358582585,-49.29631068163941
3556008,Urupês,XV - São José do Rio Preto,3507,São José do Rio Preto,-21.20521955445992,-49.26517489384142
3556107,Valentim Gentil,XV - São José do Rio Preto,3507,São José do Rio Preto,-20.42059913205701,-50.10177172402149
3556206,Valinhos,VII - Campinas,3510,Campinas,-22.97508219000883,-46.98136146110444
3556305,Valparaíso,II - Araçatuba,3506,Araçatuba,-21.20317157853829,-50.92388706855589
3556354,Vargem,VII - Campinas,3510,Campinas,-22.890146119824422,-46.414591130060366
3556404,Vargem Grande Do Sul,XIV - São João da Boa Vista,3510,Campinas,-21.86070275355626,-46.89898535424004
3556453,Vargem Grande Paulista,I - Grande São Paulo,3501,São Paulo,-23.62091818952639,-47.01472528195437
3556503,Várzea Paulista,VII - Campinas,3510,Campinas,-23.219251991784706,-46.824985839332435
3556602,Vera Cruz,IX - Marília,3504,Marília,-22.234061806614243,-49.826218055214554
3556701,Vinhedo,VII - Campinas,3510,Campinas,-23.04673352392752,-46.979222097164126
3556800,Viradouro,V - Barretos,3508,Ribeirão Preto,-20.88435739493499,-48.30993528820183
3556909,Vista Alegre Do Alto,V - Barretos,3507,São José do Rio Preto,-21.17671292418329,-48.64952090423355
3556958,Vitória Brasil,XV - São José do Rio Preto,3507,São José do Rio Preto,-20.198312487954,-50.4854480955234
3557006,Votorantim,XVI - Sorocaba,3502,Sorocaba,-23.579968719555445,-47.406693520151556
3557105,Votuporanga,XV - São José do Rio Preto,3507,São José do Rio Preto,-20.457766851849243,-49.98910474354101
3557154,Zacarias,XV - São José do Rio Preto,3506,Araçatuba,-21.12543955485951,-50.04938088201717
3557204,Chavantes,IX - Marília,3504,Marília,-23.046310026270426,-49.726563270921204
3557303,Estiva Gerbi,XIV - São João da Boa Vista,3510,Campinas,-22.236009351546933,-46.94315140802965
